YEAR,SUNACTIVITY
1749.0,96.7
1749.08333333333,104.3
1749.16666666667,116.7
1749.25,92.8
1749.33333333333,141.7
1749.41666666667,139.2
1749.5,158.0
1749.58333333333,110.5
1749.66666666667,126.5
1749.75,125.8
1749.83333333333,264.3
1749.91666666667,142.0
1750.0,122.2
1750.08333333333,126.5
1750.16666666667,148.7
1750.25,147.2
1750.33333333333,150.0
1750.41666666667,166.7
1750.5,142.3
1750.58333333333,171.7
1750.66666666667,152.0
1750.75,109.5
1750.83333333333,105.5
1750.91666666667,125.7
1751.0,116.7
1751.08333333333,72.5
1751.16666666667,75.5
1751.25,94.0
1751.33333333333,101.2
1751.41666666667,84.5
1751.5,110.5
1751.58333333333,99.7
1751.66666666667,39.2
1751.75,38.7
1751.83333333333,47.5
1751.91666666667,73.3
1752.0,58.3
1752.08333333333,83.3
1752.16666666667,118.3
1752.25,98.8
1752.33333333333,99.5
1752.41666666667,66.0
1752.5,130.7
1752.58333333333,48.8
1752.66666666667,45.2
1752.75,77.7
1752.83333333333,62.7
1752.91666666667,66.7
1753.0,73.3
1753.08333333333,53.3
1753.16666666667,76.2
1753.25,63.3
1753.33333333333,60.0
1753.41666666667,52.8
1753.5,36.7
1753.58333333333,65.0
1753.66666666667,46.7
1753.75,41.7
1753.83333333333,33.3
1753.91666666667,11.2
1754.0,0.0
1754.08333333333,5.0
1754.16666666667,2.8
1754.25,22.8
1754.33333333333,34.5
1754.41666666667,44.5
1754.5,31.3
1754.58333333333,20.5
1754.66666666667,13.7
1754.75,40.2
1754.83333333333,22.0
1754.91666666667,7.0
1755.0,17.0
1755.08333333333,18.7
1755.16666666667,11.3
1755.25,10.8
1755.33333333333,0.0
1755.41666666667,0.0
1755.5,14.3
1755.58333333333,5.3
1755.66666666667,29.7
1755.75,39.5
1755.83333333333,11.3
1755.91666666667,33.3
1756.0,20.8
1756.08333333333,11.8
1756.16666666667,9.0
1756.25,15.7
1756.33333333333,20.8
1756.41666666667,21.5
1756.5,6.0
1756.58333333333,10.7
1756.66666666667,19.7
1756.75,23.8
1756.83333333333,28.3
1756.91666666667,15.7
1757.0,23.5
1757.08333333333,35.3
1757.16666666667,43.7
1757.25,50.0
1757.33333333333,63.5
1757.41666666667,21.3
1757.5,41.7
1757.58333333333,85.5
1757.66666666667,66.2
1757.75,54.2
1757.83333333333,107.8
1757.91666666667,55.8
1758.0,62.7
1758.08333333333,86.7
1758.16666666667,81.7
1758.25,120.5
1758.33333333333,77.3
1758.41666666667,75.0
1758.5,73.3
1758.58333333333,64.5
1758.66666666667,104.2
1758.75,62.8
1758.83333333333,71.7
1758.91666666667,71.7
1759.0,80.5
1759.08333333333,73.3
1759.16666666667,78.0
1759.25,78.3
1759.33333333333,81.7
1759.41666666667,83.3
1759.5,85.0
1759.58333333333,118.8
1759.66666666667,128.7
1759.75,99.5
1759.83333333333,77.2
1759.91666666667,95.0
1760.0,112.2
1760.08333333333,99.2
1760.16666666667,124.5
1760.25,97.2
1760.33333333333,120.0
1760.41666666667,80.5
1760.5,110.0
1760.58333333333,126.0
1760.66666666667,102.2
1760.75,84.3
1760.83333333333,99.5
1760.91666666667,101.7
1761.0,116.7
1761.08333333333,151.7
1761.16666666667,134.5
1761.25,119.5
1761.33333333333,178.7
1761.41666666667,165.5
1761.5,156.8
1761.58333333333,151.8
1761.66666666667,167.8
1761.75,147.8
1761.83333333333,149.5
1761.91666666667,76.7
1762.0,73.0
1762.08333333333,121.3
1762.16666666667,76.2
1762.25,100.3
1762.33333333333,66.5
1762.41666666667,128.5
1762.5,56.3
1762.58333333333,112.8
1762.66666666667,114.2
1762.75,115.5
1762.83333333333,129.7
1762.91666666667,128.7
1763.0,94.2
1763.08333333333,53.2
1763.16666666667,57.0
1763.25,54.8
1763.33333333333,54.5
1763.41666666667,59.7
1763.5,90.3
1763.58333333333,44.2
1763.66666666667,113.5
1763.75,77.2
1763.83333333333,101.5
1763.91666666667,102.3
1764.0,99.5
1764.08333333333,99.5
1764.16666666667,67.0
1764.25,57.3
1764.33333333333,73.8
1764.41666666667,50.0
1764.5,50.0
1764.58333333333,50.0
1764.66666666667,47.0
1764.75,46.7
1764.83333333333,43.3
1764.91666666667,42.8
1765.0,40.0
1765.08333333333,43.3
1765.16666666667,41.7
1765.25,36.7
1765.33333333333,33.7
1765.41666666667,33.3
1765.5,45.0
1765.58333333333,49.5
1765.66666666667,26.7
1765.75,23.3
1765.83333333333,23.3
1765.91666666667,21.7
1766.0,20.0
1766.08333333333,18.3
1766.16666666667,61.0
1766.25,10.0
1766.33333333333,44.7
1766.41666666667,5.0
1766.5,5.5
1766.58333333333,6.7
1766.66666666667,7.2
1766.75,8.3
1766.83333333333,9.5
1766.91666666667,32.0
1767.0,45.7
1767.08333333333,50.0
1767.16666666667,71.7
1767.25,54.8
1767.33333333333,49.7
1767.41666666667,55.5
1767.5,36.5
1767.58333333333,68.0
1767.66666666667,71.2
1767.75,73.5
1767.83333333333,91.2
1767.91666666667,88.8
1768.0,89.2
1768.08333333333,110.2
1768.16666666667,77.2
1768.25,71.2
1768.33333333333,129.5
1768.41666666667,129.0
1768.5,87.7
1768.58333333333,111.3
1768.66666666667,124.7
1768.75,129.7
1768.83333333333,151.0
1768.91666666667,186.3
1769.0,123.2
1769.08333333333,107.0
1769.16666666667,107.2
1769.25,161.2
1769.33333333333,122.7
1769.41666666667,157.3
1769.5,197.7
1769.58333333333,200.5
1769.66666666667,248.0
1769.75,263.7
1769.83333333333,246.8
1769.91666666667,186.7
1770.0,173.3
1770.08333333333,237.5
1770.16666666667,133.5
1770.25,85.0
1770.33333333333,116.8
1770.41666666667,138.8
1770.5,183.0
1770.58333333333,210.5
1770.66666666667,174.0
1770.75,172.7
1770.83333333333,220.3
1770.91666666667,170.5
1771.0,60.0
1771.08333333333,77.0
1771.16666666667,77.8
1771.25,108.2
1771.33333333333,254.5
1771.41666666667,199.2
1771.5,112.8
1771.58333333333,97.5
1771.66666666667,169.0
1771.75,150.0
1771.83333333333,166.2
1771.91666666667,159.5
1772.0,168.2
1772.08333333333,151.3
1772.16666666667,51.8
1772.25,153.7
1772.33333333333,63.3
1772.41666666667,95.0
1772.5,128.8
1772.58333333333,93.7
1772.66666666667,84.2
1772.75,131.0
1772.83333333333,102.2
1772.91666666667,106.7
1773.0,91.0
1773.08333333333,48.3
1773.16666666667,85.3
1773.25,54.8
1773.33333333333,68.5
1773.41666666667,47.3
1773.5,46.2
1773.58333333333,21.2
1773.66666666667,48.8
1773.75,43.8
1773.83333333333,68.2
1773.91666666667,72.0
1774.0,78.0
1774.08333333333,109.0
1774.16666666667,92.8
1774.25,73.0
1774.33333333333,85.5
1774.41666666667,47.5
1774.5,29.2
1774.58333333333,11.0
1774.66666666667,13.2
1774.75,23.3
1774.83333333333,29.5
1774.91666666667,20.3
1775.0,7.3
1775.08333333333,0.0
1775.16666666667,19.3
1775.25,18.7
1775.33333333333,6.5
1775.41666666667,20.5
1775.5,1.7
1775.58333333333,13.2
1775.66666666667,5.3
1775.75,9.3
1775.83333333333,25.2
1775.91666666667,13.2
1776.0,36.2
1776.08333333333,19.3
1776.16666666667,10.5
1776.25,36.3
1776.33333333333,18.7
1776.41666666667,31.7
1776.5,1.7
1776.58333333333,40.3
1776.66666666667,26.7
1776.75,50.0
1776.83333333333,58.3
1776.91666666667,66.7
1777.0,75.0
1777.08333333333,60.8
1777.16666666667,65.0
1777.25,159.2
1777.33333333333,133.8
1777.41666666667,134.5
1777.5,158.3
1777.58333333333,186.7
1777.66666666667,193.7
1777.75,177.5
1777.83333333333,243.3
1777.91666666667,262.2
1778.0,295.5
1778.08333333333,182.2
1778.16666666667,223.3
1778.25,241.7
1778.33333333333,398.2
1778.41666666667,286.0
1778.5,255.0
1778.58333333333,233.3
1778.66666666667,286.2
1778.75,260.5
1778.83333333333,250.5
1778.91666666667,175.0
1779.0,191.2
1779.08333333333,276.2
1779.16666666667,196.7
1779.25,241.7
1779.33333333333,233.3
1779.41666666667,189.5
1779.5,238.3
1779.58333333333,186.7
1779.66666666667,185.0
1779.75,206.7
1779.83333333333,190.0
1779.91666666667,183.3
1780.0,116.7
1780.08333333333,163.3
1780.16666666667,163.3
1780.25,158.3
1780.33333333333,178.7
1780.41666666667,146.7
1780.5,143.3
1780.58333333333,143.3
1780.66666666667,156.2
1780.75,128.3
1780.83333333333,100.0
1780.91666666667,97.8
1781.0,164.5
1781.08333333333,124.5
1781.16666666667,88.3
1781.25,113.8
1781.33333333333,174.5
1781.41666666667,162.8
1781.5,122.5
1781.58333333333,110.0
1781.66666666667,85.0
1781.75,45.5
1781.83333333333,111.7
1781.91666666667,58.7
1782.0,90.0
1782.08333333333,62.5
1782.16666666667,61.7
1782.25,68.3
1782.33333333333,90.5
1782.41666666667,63.3
1782.5,61.7
1782.58333333333,73.3
1782.66666666667,56.7
1782.75,38.7
1782.83333333333,52.5
1782.91666666667,50.0
1783.0,46.7
1783.08333333333,64.5
1783.16666666667,44.5
1783.25,47.2
1783.33333333333,38.3
1783.41666666667,42.0
1783.5,53.7
1783.58333333333,33.3
1783.66666666667,30.0
1783.75,13.3
1783.83333333333,25.0
1783.91666666667,17.5
1784.0,21.7
1784.08333333333,13.3
1784.16666666667,18.3
1784.25,16.7
1784.33333333333,10.0
1784.41666666667,15.0
1784.5,10.0
1784.58333333333,16.7
1784.66666666667,16.7
1784.75,13.3
1784.83333333333,28.3
1784.91666666667,23.3
1785.0,10.8
1785.08333333333,13.3
1785.16666666667,15.0
1785.25,26.2
1785.33333333333,34.5
1785.41666666667,43.8
1785.5,60.5
1785.58333333333,33.3
1785.66666666667,53.3
1785.75,78.7
1785.83333333333,67.0
1785.91666666667,45.5
1786.0,62.0
1786.08333333333,79.3
1786.16666666667,79.5
1786.25,142.3
1786.33333333333,153.8
1786.41666666667,98.3
1786.5,138.3
1786.58333333333,149.5
1786.66666666667,185.8
1786.75,187.2
1786.83333333333,193.3
1786.91666666667,187.8
1787.0,224.5
1787.08333333333,176.7
1787.16666666667,145.7
1787.25,212.0
1787.33333333333,224.7
1787.41666666667,165.3
1787.5,213.3
1787.58333333333,228.7
1787.66666666667,262.2
1787.75,261.7
1787.83333333333,235.8
1787.91666666667,290.0
1788.0,230.0
1788.08333333333,215.3
1788.16666666667,238.8
1788.25,180.8
1788.33333333333,188.3
1788.41666666667,257.0
1788.5,235.8
1788.58333333333,226.7
1788.66666666667,235.0
1788.75,236.7
1788.83333333333,157.8
1788.91666666667,215.8
1789.0,190.0
1789.08333333333,208.8
1789.16666666667,200.0
1789.25,205.5
1789.33333333333,205.8
1789.41666666667,200.0
1789.5,195.0
1789.58333333333,171.7
1789.66666666667,186.7
1789.75,149.5
1789.83333333333,223.3
1789.91666666667,225.8
1790.0,171.7
1790.08333333333,212.5
1790.16666666667,160.5
1790.25,156.7
1790.33333333333,155.0
1790.41666666667,151.7
1790.5,115.5
1790.58333333333,145.0
1790.66666666667,128.8
1790.75,140.5
1790.83333333333,136.7
1790.91666666667,123.3
1791.0,121.2
1791.08333333333,103.3
1791.16666666667,123.3
1791.25,128.7
1791.33333333333,122.8
1791.41666666667,107.0
1791.5,118.3
1791.58333333333,71.7
1791.66666666667,110.8
1791.75,102.8
1791.83333333333,111.7
1791.91666666667,110.0
1792.0,96.7
1792.08333333333,106.7
1792.16666666667,105.0
1792.25,126.2
1792.33333333333,103.3
1792.41666666667,101.7
1792.5,76.3
1792.58333333333,100.0
1792.66666666667,98.3
1792.75,98.3
1792.83333333333,95.0
1792.91666666667,93.3
1793.0,93.3
1793.08333333333,91.7
1793.16666666667,92.5
1793.25,88.3
1793.33333333333,87.2
1793.41666666667,85.0
1793.5,83.3
1793.58333333333,48.8
1793.66666666667,40.0
1793.75,78.3
1793.83333333333,73.3
1793.91666666667,76.2
1794.0,75.0
1794.08333333333,73.3
1794.16666666667,63.3
1794.25,47.3
1794.33333333333,92.8
1794.41666666667,69.2
1794.5,68.3
1794.58333333333,66.7
1794.66666666667,18.5
1794.75,47.5
1794.83333333333,112.3
1794.91666666667,85.7
1795.0,35.7
1795.08333333333,66.5
1795.16666666667,21.0
1795.25,31.0
1795.33333333333,51.7
1795.41666666667,28.5
1795.5,21.5
1795.58333333333,42.8
1795.66666666667,22.5
1795.75,32.5
1795.83333333333,41.7
1795.91666666667,30.0
1796.0,36.7
1796.08333333333,39.7
1796.16666666667,26.2
1796.25,52.8
1796.33333333333,35.0
1796.41666666667,11.2
1796.5,44.8
1796.58333333333,2.5
1796.66666666667,30.7
1796.75,18.3
1796.83333333333,14.0
1796.91666666667,8.5
1797.0,24.0
1797.08333333333,7.0
1797.16666666667,6.7
1797.25,6.7
1797.33333333333,12.2
1797.41666666667,18.5
1797.5,7.2
1797.58333333333,10.0
1797.66666666667,9.5
1797.75,11.5
1797.83333333333,9.7
1797.91666666667,5.0
1798.0,3.3
1798.08333333333,6.7
1798.16666666667,20.7
1798.25,1.8
1798.33333333333,0.0
1798.41666666667,0.0
1798.5,0.0
1798.58333333333,5.0
1798.66666666667,4.0
1798.75,2.5
1798.83333333333,20.8
1798.91666666667,16.5
1799.0,2.7
1799.08333333333,21.0
1799.16666666667,36.2
1799.25,14.0
1799.33333333333,13.7
1799.41666666667,17.7
1799.5,3.5
1799.58333333333,0.0
1799.66666666667,0.0
1799.75,7.7
1799.83333333333,4.5
1799.91666666667,14.3
1800.0,11.5
1800.08333333333,15.5
1800.16666666667,23.2
1800.25,0.0
1800.33333333333,8.3
1800.41666666667,39.5
1800.5,35.0
1800.58333333333,32.5
1800.66666666667,19.2
1800.75,20.5
1800.83333333333,17.5
1800.91666666667,66.8
1801.0,45.0
1801.08333333333,48.3
1801.16666666667,50.0
1801.25,51.7
1801.33333333333,53.3
1801.41666666667,52.0
1801.5,58.3
1801.58333333333,64.5
1801.66666666667,55.8
1801.75,54.3
1801.83333333333,66.3
1801.91666666667,80.3
1802.0,79.7
1802.08333333333,78.3
1802.16666666667,68.0
1802.25,70.0
1802.33333333333,73.3
1802.41666666667,76.7
1802.5,80.0
1802.58333333333,83.3
1802.66666666667,86.3
1802.75,64.2
1802.83333333333,57.5
1802.91666666667,83.3
1803.0,83.3
1803.08333333333,84.7
1803.16666666667,49.2
1803.25,41.7
1803.33333333333,73.8
1803.41666666667,60.0
1803.5,80.5
1803.58333333333,56.8
1803.66666666667,75.5
1803.75,90.5
1803.83333333333,85.0
1803.91666666667,80.0
1804.0,75.5
1804.08333333333,80.5
1804.16666666667,80.0
1804.25,84.3
1804.33333333333,55.7
1804.41666666667,58.0
1804.5,49.7
1804.58333333333,71.8
1804.66666666667,88.3
1804.75,103.8
1804.83333333333,101.7
1804.91666666667,100.0
1805.0,101.7
1805.08333333333,73.5
1805.16666666667,85.7
1805.25,62.5
1805.33333333333,65.0
1805.41666666667,67.5
1805.5,62.7
1805.58333333333,71.2
1805.66666666667,74.0
1805.75,49.0
1805.83333333333,68.3
1805.91666666667,63.8
1806.0,65.0
1806.08333333333,49.3
1806.16666666667,54.5
1806.25,46.2
1806.33333333333,44.0
1806.41666666667,42.7
1806.5,50.0
1806.58333333333,43.8
1806.66666666667,40.0
1806.75,45.0
1806.83333333333,41.7
1806.91666666667,40.0
1807.0,20.0
1807.08333333333,20.3
1807.16666666667,16.0
1807.25,39.7
1807.33333333333,16.7
1807.41666666667,20.0
1807.5,21.2
1807.58333333333,20.0
1807.66666666667,9.5
1807.75,13.3
1807.83333333333,4.3
1807.91666666667,0.0
1808.0,0.0
1808.08333333333,7.5
1808.16666666667,0.0
1808.25,20.5
1808.33333333333,22.5
1808.41666666667,22.5
1808.5,11.2
1808.58333333333,13.3
1808.66666666667,19.5
1808.75,7.8
1808.83333333333,17.5
1808.91666666667,20.5
1809.0,12.0
1809.08333333333,15.3
1809.16666666667,1.5
1809.25,4.2
1809.33333333333,3.3
1809.41666666667,12.8
1809.5,0.5
1809.58333333333,0.3
1809.66666666667,0.7
1809.75,0.0
1809.83333333333,0.0
1809.91666666667,0.0
1810.0,0.0
1810.08333333333,0.0
1810.16666666667,0.0
1810.25,0.0
1810.33333333333,0.0
1810.41666666667,0.0
1810.5,0.0
1810.58333333333,0.0
1810.66666666667,0.0
1810.75,0.0
1810.83333333333,0.0
1810.91666666667,0.0
1811.0,0.0
1811.08333333333,0.0
1811.16666666667,0.0
1811.25,0.0
1811.33333333333,0.0
1811.41666666667,0.0
1811.5,11.0
1811.58333333333,0.0
1811.66666666667,4.0
1811.75,10.2
1811.83333333333,1.3
1811.91666666667,1.8
1812.0,18.8
1812.08333333333,3.2
1812.16666666667,1.2
1812.25,0.0
1812.33333333333,1.7
1812.41666666667,2.2
1812.5,0.8
1812.58333333333,26.0
1812.66666666667,8.7
1812.75,6.5
1812.83333333333,13.2
1812.91666666667,16.8
1813.0,0.0
1813.08333333333,17.2
1813.16666666667,3.2
1813.25,27.7
1813.33333333333,9.2
1813.41666666667,18.7
1813.5,30.5
1813.58333333333,14.0
1813.66666666667,25.5
1813.75,46.3
1813.83333333333,27.8
1813.91666666667,23.8
1814.0,37.0
1814.08333333333,20.0
1814.16666666667,9.5
1814.25,39.7
1814.33333333333,9.7
1814.41666666667,24.8
1814.5,30.8
1814.58333333333,3.8
1814.66666666667,13.5
1814.75,32.2
1814.83333333333,24.2
1814.91666666667,33.5
1815.0,32.0
1815.08333333333,53.7
1815.16666666667,43.7
1815.25,52.7
1815.33333333333,16.3
1815.41666666667,93.2
1815.5,59.2
1815.58333333333,78.7
1815.66666666667,52.5
1815.75,55.8
1815.83333333333,62.0
1815.91666666667,108.3
1816.0,43.8
1816.08333333333,114.7
1816.16666666667,122.8
1816.25,98.0
1816.33333333333,73.8
1816.41666666667,72.7
1816.5,64.7
1816.58333333333,38.7
1816.66666666667,79.7
1816.75,94.0
1816.83333333333,63.5
1816.91666666667,49.8
1817.0,60.7
1817.08333333333,96.5
1817.16666666667,160.3
1817.25,44.0
1817.33333333333,35.3
1817.41666666667,66.7
1817.5,83.3
1817.58333333333,75.0
1817.66666666667,61.2
1817.75,42.7
1817.83333333333,48.2
1817.91666666667,47.3
1818.0,58.1
1818.08333333333,37.4
1818.16666666667,42.4
1818.25,57.5
1818.33333333333,88.5
1818.41666666667,60.8
1818.5,46.8
1818.58333333333,52.6
1818.66666666667,43.4
1818.75,52.8
1818.83333333333,18.3
1818.91666666667,43.0
1819.0,54.7
1819.08333333333,34.6
1819.16666666667,6.3
1819.25,33.7
1819.33333333333,32.6
1819.41666666667,58.3
1819.5,52.5
1819.58333333333,43.5
1819.66666666667,24.8
1819.75,45.9
1819.83333333333,41.8
1819.91666666667,50.9
1820.0,32.0
1820.08333333333,44.4
1820.16666666667,7.5
1820.25,32.3
1820.33333333333,48.9
1820.41666666667,17.9
1820.5,34.1
1820.58333333333,43.1
1820.66666666667,8.6
1820.75,14.9
1820.83333333333,13.2
1820.91666666667,15.1
1821.0,36.0
1821.08333333333,7.0
1821.16666666667,9.5
1821.25,15.2
1821.33333333333,2.8
1821.41666666667,3.0
1821.5,4.3
1821.58333333333,8.0
1821.66666666667,7.3
1821.75,31.4
1821.83333333333,7.3
1821.91666666667,0.4
1822.0,0.0
1822.08333333333,1.5
1822.16666666667,26.9
1822.25,21.7
1822.33333333333,2.4
1822.41666666667,9.3
1822.5,13.2
1822.58333333333,3.4
1822.66666666667,0.0
1822.75,0.6
1822.83333333333,0.0
1822.91666666667,0.0
1823.0,0.0
1823.08333333333,0.0
1823.16666666667,1.0
1823.25,0.0
1823.33333333333,0.0
1823.41666666667,0.0
1823.5,0.8
1823.58333333333,0.0
1823.66666666667,0.0
1823.75,0.0
1823.83333333333,0.0
1823.91666666667,34.0
1824.0,36.0
1824.08333333333,18.0
1824.16666666667,0.0
1824.25,32.3
1824.33333333333,4.6
1824.41666666667,0.0
1824.5,0.0
1824.58333333333,2.3
1824.66666666667,34.3
1824.75,42.0
1824.83333333333,0.0
1824.91666666667,1.4
1825.0,8.4
1825.08333333333,25.9
1825.16666666667,37.4
1825.25,6.2
1825.33333333333,25.8
1825.41666666667,25.6
1825.5,51.5
1825.58333333333,42.8
1825.66666666667,26.2
1825.75,26.0
1825.83333333333,19.6
1825.91666666667,36.7
1826.0,29.4
1826.08333333333,30.2
1826.16666666667,61.3
1826.25,40.0
1826.33333333333,53.9
1826.41666666667,61.7
1826.5,87.5
1826.58333333333,66.0
1826.66666666667,31.6
1826.75,84.4
1826.83333333333,65.8
1826.91666666667,113.6
1827.0,57.7
1827.08333333333,79.0
1827.16666666667,96.3
1827.25,76.7
1827.33333333333,93.8
1827.41666666667,94.4
1827.5,70.4
1827.58333333333,89.4
1827.66666666667,82.6
1827.75,93.5
1827.83333333333,80.4
1827.91666666667,76.8
1828.0,88.0
1828.08333333333,107.3
1828.16666666667,108.5
1828.25,101.9
1828.33333333333,148.6
1828.41666666667,163.4
1828.5,90.4
1828.58333333333,127.3
1828.66666666667,83.9
1828.75,91.1
1828.83333333333,95.0
1828.91666666667,78.1
1829.0,71.6
1829.08333333333,82.3
1829.16666666667,120.6
1829.25,158.4
1829.33333333333,112.3
1829.41666666667,123.2
1829.5,151.5
1829.58333333333,129.3
1829.66666666667,88.0
1829.75,95.3
1829.83333333333,112.7
1829.91666666667,94.1
1830.0,87.0
1830.08333333333,120.1
1830.16666666667,141.0
1830.25,177.3
1830.33333333333,110.5
1830.41666666667,108.4
1830.5,73.2
1830.58333333333,84.6
1830.66666666667,103.4
1830.75,140.6
1830.83333333333,135.4
1830.91666666667,136.8
1831.0,79.0
1831.08333333333,83.6
1831.16666666667,155.8
1831.25,90.9
1831.33333333333,63.4
1831.41666666667,55.6
1831.5,75.4
1831.58333333333,91.6
1831.66666666667,63.2
1831.75,77.1
1831.83333333333,72.5
1831.91666666667,48.3
1832.0,51.5
1832.08333333333,92.6
1832.16666666667,91.9
1832.25,44.8
1832.33333333333,68.9
1832.41666666667,44.5
1832.5,23.3
1832.58333333333,14.8
1832.66666666667,13.7
1832.75,35.2
1832.83333333333,23.8
1832.91666666667,45.8
1833.0,18.7
1833.08333333333,24.9
1833.16666666667,19.6
1833.25,4.6
1833.33333333333,21.5
1833.41666666667,1.7
1833.5,11.6
1833.58333333333,9.5
1833.66666666667,19.3
1833.75,12.5
1833.83333333333,9.8
1833.91666666667,16.6
1834.0,8.2
1834.08333333333,30.1
1834.16666666667,6.5
1834.25,2.4
1834.33333333333,14.8
1834.41666666667,13.1
1834.5,14.4
1834.58333333333,6.6
1834.66666666667,19.2
1834.75,41.3
1834.83333333333,50.9
1834.91666666667,57.5
1835.0,12.4
1835.08333333333,40.7
1835.16666666667,32.7
1835.25,102.4
1835.33333333333,72.6
1835.41666666667,55.2
1835.5,99.6
1835.58333333333,98.5
1835.66666666667,168.0
1835.75,158.6
1835.83333333333,166.7
1835.91666666667,129.3
1836.0,147.6
1836.08333333333,179.4
1836.16666666667,163.7
1836.25,238.0
1836.33333333333,185.7
1836.41666666667,207.9
1836.5,194.6
1836.58333333333,179.6
1836.66666666667,158.5
1836.75,228.9
1836.83333333333,201.5
1836.91666666667,343.8
1837.0,313.4
1837.08333333333,292.6
1837.16666666667,224.3
1837.25,230.3
1837.33333333333,186.1
1837.41666666667,263.4
1837.5,271.2
1837.58333333333,223.5
1837.66666666667,160.4
1837.75,206.2
1837.83333333333,178.4
1837.91666666667,216.1
1838.0,241.5
1838.08333333333,141.3
1838.16666666667,234.5
1838.25,211.1
1838.33333333333,229.4
1838.41666666667,157.6
1838.5,180.4
1838.58333333333,131.3
1838.66666666667,122.7
1838.75,151.5
1838.83333333333,129.2
1838.91666666667,132.9
1839.0,175.9
1839.08333333333,170.8
1839.16666666667,129.5
1839.25,102.9
1839.33333333333,89.6
1839.41666666667,91.2
1839.5,141.3
1839.58333333333,218.8
1839.66666666667,221.1
1839.75,151.5
1839.83333333333,114.7
1839.91666666667,106.2
1840.0,135.4
1840.08333333333,146.1
1840.16666666667,112.9
1840.25,109.8
1840.33333333333,115.4
1840.41666666667,80.9
1840.5,101.0
1840.58333333333,96.4
1840.66666666667,123.3
1840.75,91.7
1840.83333333333,90.4
1840.91666666667,89.5
1841.0,40.1
1841.08333333333,49.9
1841.16666666667,49.6
1841.25,66.9
1841.33333333333,112.4
1841.41666666667,92.8
1841.5,51.4
1841.58333333333,65.4
1841.66666666667,60.9
1841.75,47.4
1841.83333333333,32.9
1841.91666666667,64.8
1842.0,34.0
1842.08333333333,36.8
1842.16666666667,36.2
1842.25,44.9
1842.33333333333,41.4
1842.41666666667,34.2
1842.5,21.0
1842.58333333333,44.4
1842.66666666667,30.6
1842.75,63.5
1842.83333333333,67.5
1842.91666666667,29.3
1843.0,22.2
1843.08333333333,5.9
1843.16666666667,13.9
1843.25,15.8
1843.33333333333,35.1
1843.41666666667,17.6
1843.5,15.9
1843.58333333333,19.6
1843.66666666667,6.9
1843.75,8.9
1843.83333333333,31.7
1843.91666666667,21.2
1844.0,15.7
1844.08333333333,24.5
1844.16666666667,22.5
1844.25,34.6
1844.33333333333,19.2
1844.41666666667,6.2
1844.5,35.2
1844.58333333333,39.7
1844.66666666667,11.6
1844.75,35.9
1844.83333333333,17.9
1844.91666666667,36.0
1845.0,42.8
1845.08333333333,72.8
1845.16666666667,72.1
1845.25,95.0
1845.33333333333,79.7
1845.41666666667,51.8
1845.5,51.0
1845.58333333333,53.9
1845.66666666667,49.3
1845.75,67.8
1845.83333333333,65.7
1845.91666666667,99.5
1846.0,64.6
1846.08333333333,84.9
1846.16666666667,106.5
1846.25,115.5
1846.33333333333,99.9
1846.41666666667,108.4
1846.5,77.5
1846.58333333333,91.3
1846.66666666667,178.6
1846.75,93.4
1846.83333333333,100.6
1846.91666666667,109.1
1847.0,104.4
1847.08333333333,74.9
1847.16666666667,143.0
1847.25,74.6
1847.33333333333,125.7
1847.41666666667,142.2
1847.5,87.1
1847.58333333333,234.3
1847.66666666667,268.2
1847.75,300.6
1847.83333333333,231.5
1847.91666666667,182.6
1848.0,265.2
1848.08333333333,186.4
1848.16666666667,181.2
1848.25,178.6
1848.33333333333,170.5
1848.41666666667,214.9
1848.5,232.0
1848.58333333333,220.9
1848.66666666667,167.3
1848.75,220.6
1848.83333333333,191.0
1848.91666666667,265.8
1849.0,298.3
1849.08333333333,250.3
1849.16666666667,182.7
1849.25,194.7
1849.33333333333,153.2
1849.41666666667,154.2
1849.5,148.2
1849.58333333333,128.6
1849.66666666667,178.0
1849.75,135.7
1849.83333333333,188.2
1849.91666666667,184.3
1850.0,148.2
1850.08333333333,169.8
1850.16666666667,156.8
1850.25,83.8
1850.33333333333,117.0
1850.41666666667,133.0
1850.5,74.3
1850.58333333333,117.0
1850.66666666667,163.7
1850.75,134.9
1850.83333333333,104.1
1850.91666666667,115.9
1851.0,143.5
1851.08333333333,200.1
1851.16666666667,122.8
1851.25,107.3
1851.33333333333,118.9
1851.41666666667,120.0
1851.5,68.6
1851.58333333333,109.0
1851.66666666667,128.9
1851.75,118.7
1851.83333333333,96.8
1851.91666666667,135.5
1852.0,129.9
1852.08333333333,126.2
1852.16666666667,116.2
1852.25,124.3
1852.33333333333,104.3
1852.41666666667,89.0
1852.5,80.0
1852.58333333333,75.3
1852.66666666667,71.2
1852.75,127.9
1852.83333333333,103.1
1852.91666666667,86.1
1853.0,77.9
1853.08333333333,81.5
1853.16666666667,71.6
1853.25,90.4
1853.33333333333,65.9
1853.41666666667,76.0
1853.5,87.2
1853.58333333333,95.8
1853.66666666667,63.7
1853.75,80.5
1853.83333333333,54.7
1853.91666666667,44.5
1854.0,29.3
1854.08333333333,38.0
1854.16666666667,39.4
1854.25,50.3
1854.33333333333,45.6
1854.41666666667,40.1
1854.5,35.5
1854.58333333333,30.1
1854.66666666667,42.6
1854.75,24.1
1854.83333333333,53.5
1854.91666666667,41.1
1855.0,23.4
1855.08333333333,21.6
1855.16666666667,33.0
1855.25,8.4
1855.33333333333,17.3
1855.41666666667,10.0
1855.5,0.7
1855.58333333333,5.9
1855.66666666667,0.0
1855.75,18.3
1855.83333333333,7.9
1855.91666666667,5.8
1856.0,1.0
1856.08333333333,9.3
1856.16666666667,0.7
1856.25,12.4
1856.33333333333,0.0
1856.41666666667,9.8
1856.5,8.8
1856.58333333333,11.3
1856.66666666667,8.4
1856.75,8.5
1856.83333333333,14.7
1856.91666666667,13.7
1857.0,26.0
1857.08333333333,14.2
1857.16666666667,10.0
1857.25,21.1
1857.33333333333,54.2
1857.41666666667,30.5
1857.5,42.2
1857.58333333333,32.0
1857.66666666667,80.6
1857.75,77.1
1857.83333333333,59.6
1857.91666666667,70.7
1858.0,74.2
1858.08333333333,66.3
1858.16666666667,109.2
1858.25,72.8
1858.33333333333,78.6
1858.41666666667,84.5
1858.5,107.7
1858.58333333333,104.9
1858.66666666667,152.2
1858.75,173.2
1858.83333333333,98.6
1858.91666666667,127.0
1859.0,159.0
1859.08333333333,166.4
1859.16666666667,171.5
1859.25,162.9
1859.33333333333,172.8
1859.41666666667,165.2
1859.5,180.7
1859.58333333333,203.0
1859.66666666667,200.9
1859.75,217.8
1859.83333333333,184.6
1859.91666666667,153.9
1860.0,156.6
1860.08333333333,167.9
1860.16666666667,188.0
1860.25,135.7
1860.33333333333,203.5
1860.41666666667,206.3
1860.5,221.9
1860.58333333333,190.5
1860.66666666667,175.2
1860.75,171.1
1860.83333333333,186.0
1860.91666666667,181.7
1861.0,118.5
1861.08333333333,147.5
1861.16666666667,192.0
1861.25,187.1
1861.33333333333,107.8
1861.41666666667,167.5
1861.5,148.2
1861.58333333333,156.7
1861.66666666667,151.9
1861.75,127.7
1861.83333333333,102.0
1861.91666666667,152.8
1862.0,119.9
1862.08333333333,122.4
1862.16666666667,82.7
1862.25,102.1
1862.33333333333,122.4
1862.41666666667,159.7
1862.5,139.5
1862.58333333333,118.7
1862.66666666667,126.4
1862.75,79.8
1862.83333333333,96.0
1862.91666666667,77.6
1863.0,91.8
1863.08333333333,107.7
1863.16666666667,126.0
1863.25,77.1
1863.33333333333,102.1
1863.41666666667,77.6
1863.5,62.0
1863.58333333333,91.3
1863.66666666667,41.7
1863.75,75.7
1863.83333333333,71.6
1863.91666666667,78.1
1864.0,109.7
1864.08333333333,89.5
1864.16666666667,125.9
1864.25,68.1
1864.33333333333,77.1
1864.41666666667,109.9
1864.5,103.8
1864.58333333333,104.1
1864.66666666667,54.2
1864.75,64.4
1864.83333333333,109.3
1864.91666666667,54.3
1865.0,92.5
1865.08333333333,74.6
1865.16666666667,75.0
1865.25,55.9
1865.33333333333,65.6
1865.41666666667,63.8
1865.5,50.8
1865.58333333333,71.8
1865.66666666667,41.0
1865.75,32.5
1865.83333333333,46.7
1865.91666666667,24.3
1866.0,60.0
1866.08333333333,72.9
1866.16666666667,46.6
1866.25,33.5
1866.33333333333,24.6
1866.41666666667,31.4
1866.5,17.6
1866.58333333333,24.2
1866.66666666667,13.9
1866.75,26.8
1866.83333333333,17.2
1866.91666666667,2.9
1867.0,0.0
1867.08333333333,1.4
1867.16666666667,17.4
1867.25,9.7
1867.33333333333,5.5
1867.41666666667,2.8
1867.5,9.5
1867.58333333333,9.1
1867.66666666667,18.7
1867.75,25.5
1867.83333333333,18.1
1867.91666666667,47.9
1868.0,25.9
1868.08333333333,26.3
1868.16666666667,44.0
1868.25,61.1
1868.33333333333,44.5
1868.41666666667,51.8
1868.5,48.3
1868.58333333333,57.3
1868.66666666667,78.7
1868.75,102.8
1868.83333333333,98.7
1868.91666666667,112.8
1869.0,101.6
1869.08333333333,99.9
1869.16666666667,88.0
1869.25,68.4
1869.33333333333,173.4
1869.41666666667,180.7
1869.5,98.8
1869.58333333333,132.7
1869.66666666667,134.5
1869.75,99.0
1869.83333333333,130.2
1869.91666666667,174.1
1870.0,129.0
1870.08333333333,191.7
1870.16666666667,262.7
1870.25,266.9
1870.33333333333,293.6
1870.41666666667,226.3
1870.5,220.9
1870.58333333333,256.5
1870.66666666667,226.8
1870.75,244.3
1870.83333333333,246.0
1870.91666666667,216.7
1871.0,147.2
1871.08333333333,209.0
1871.16666666667,238.7
1871.25,270.9
1871.33333333333,242.6
1871.41666666667,152.9
1871.5,171.8
1871.58333333333,183.7
1871.66666666667,133.9
1871.75,148.5
1871.83333333333,175.7
1871.91666666667,150.8
1872.0,132.7
1872.08333333333,200.3
1872.16666666667,147.5
1872.25,170.4
1872.33333333333,179.5
1872.41666666667,183.3
1872.5,176.0
1872.58333333333,155.0
1872.66666666667,191.1
1872.75,171.2
1872.83333333333,186.8
1872.91666666667,139.9
1873.0,144.6
1873.08333333333,178.4
1873.16666666667,164.0
1873.25,127.1
1873.33333333333,80.0
1873.41666666667,74.8
1873.5,111.7
1873.58333333333,113.8
1873.66666666667,78.7
1873.75,78.6
1873.83333333333,92.5
1873.91666666667,82.0
1874.0,101.4
1874.08333333333,107.1
1874.16666666667,77.5
1874.25,53.5
1874.33333333333,74.6
1874.41666666667,63.8
1874.5,113.2
1874.58333333333,102.3
1874.66666666667,46.8
1874.75,57.4
1874.83333333333,48.2
1874.91666666667,48.8
1875.0,24.4
1875.08333333333,35.9
1875.16666666667,56.4
1875.25,48.6
1875.33333333333,19.2
1875.41666666667,39.9
1875.5,20.9
1875.58333333333,24.4
1875.66666666667,4.0
1875.75,21.3
1875.83333333333,29.6
1875.91666666667,16.5
1876.0,23.9
1876.08333333333,25.1
1876.16666666667,51.1
1876.25,3.9
1876.33333333333,8.5
1876.41666666667,2.7
1876.5,25.5
1876.58333333333,14.8
1876.66666666667,16.6
1876.75,23.9
1876.83333333333,16.6
1876.91666666667,13.6
1877.0,40.6
1877.08333333333,14.5
1877.16666666667,19.9
1877.25,26.3
1877.33333333333,36.1
1877.41666666667,23.6
1877.5,10.0
1877.58333333333,10.5
1877.66666666667,28.1
1877.75,11.2
1877.83333333333,23.6
1877.91666666667,3.5
1878.0,5.5
1878.08333333333,11.0
1878.16666666667,13.1
1878.25,0.2
1878.33333333333,9.9
1878.41666666667,10.7
1878.5,0.2
1878.58333333333,0.0
1878.66666666667,8.8
1878.75,1.9
1878.83333333333,6.8
1878.91666666667,0.9
1879.0,1.6
1879.08333333333,0.9
1879.16666666667,0.0
1879.25,10.4
1879.33333333333,4.0
1879.41666666667,8.0
1879.5,12.6
1879.58333333333,17.9
1879.66666666667,10.1
1879.75,20.4
1879.83333333333,21.9
1879.91666666667,12.2
1880.0,40.1
1880.08333333333,45.4
1880.16666666667,32.1
1880.25,32.4
1880.33333333333,39.1
1880.41666666667,56.9
1880.5,36.5
1880.58333333333,80.3
1880.66666666667,110.1
1880.75,71.7
1880.83333333333,51.1
1880.91666666667,49.4
1881.0,60.6
1881.08333333333,88.6
1881.16666666667,85.8
1881.25,86.1
1881.33333333333,72.5
1881.41666666667,100.8
1881.5,128.2
1881.58333333333,97.3
1881.66666666667,88.6
1881.75,107.3
1881.83333333333,91.5
1881.91666666667,78.8
1882.0,75.0
1882.08333333333,115.9
1882.16666666667,111.5
1882.25,159.6
1882.33333333333,106.9
1882.41666666667,75.4
1882.5,75.7
1882.58333333333,67.5
1882.66666666667,96.1
1882.75,98.6
1882.83333333333,140.6
1882.91666666667,69.7
1883.0,101.0
1883.08333333333,78.2
1883.16666666667,71.3
1883.25,136.8
1883.33333333333,52.5
1883.41666666667,127.2
1883.5,134.4
1883.58333333333,76.6
1883.66666666667,87.8
1883.75,139.6
1883.83333333333,140.8
1883.91666666667,126.5
1884.0,152.6
1884.08333333333,144.8
1884.16666666667,145.8
1884.25,126.9
1884.33333333333,110.9
1884.41666666667,85.3
1884.5,88.5
1884.58333333333,93.1
1884.66666666667,103.1
1884.75,79.6
1884.83333333333,60.9
1884.91666666667,78.6
1885.0,71.4
1885.08333333333,119.7
1885.16666666667,82.9
1885.25,91.7
1885.33333333333,121.6
1885.41666666667,139.5
1885.5,110.9
1885.58333333333,83.5
1885.66666666667,66.0
1885.75,64.5
1885.83333333333,51.6
1885.91666666667,36.3
1886.0,49.8
1886.08333333333,43.2
1886.16666666667,95.5
1886.25,72.9
1886.33333333333,51.2
1886.41666666667,45.3
1886.5,50.4
1886.58333333333,28.1
1886.66666666667,35.7
1886.75,14.4
1886.83333333333,0.6
1886.91666666667,21.7
1887.0,17.0
1887.08333333333,22.0
1887.16666666667,7.1
1887.25,11.6
1887.33333333333,33.4
1887.41666666667,26.1
1887.5,38.9
1887.58333333333,35.7
1887.66666666667,12.4
1887.75,11.0
1887.83333333333,11.5
1887.91666666667,34.5
1888.0,21.2
1888.08333333333,11.8
1888.16666666667,13.1
1888.25,8.5
1888.33333333333,11.7
1888.41666666667,11.8
1888.5,5.0
1888.58333333333,4.6
1888.66666666667,14.6
1888.75,3.4
1888.83333333333,17.9
1888.91666666667,11.1
1889.0,1.3
1889.08333333333,14.2
1889.16666666667,11.1
1889.25,7.3
1889.33333333333,4.0
1889.41666666667,10.8
1889.5,15.8
1889.58333333333,34.3
1889.66666666667,10.9
1889.75,3.4
1889.83333333333,0.3
1889.91666666667,11.2
1890.0,8.8
1890.08333333333,1.1
1890.16666666667,8.5
1890.25,2.7
1890.33333333333,7.9
1890.41666666667,2.2
1890.5,19.3
1890.58333333333,14.2
1890.66666666667,28.6
1890.75,18.6
1890.83333333333,15.9
1890.91666666667,13.1
1891.0,22.5
1891.08333333333,36.9
1891.16666666667,17.2
1891.25,34.2
1891.33333333333,68.5
1891.41666666667,80.4
1891.5,98.0
1891.58333333333,55.1
1891.66666666667,89.7
1891.75,86.0
1891.83333333333,69.8
1891.91666666667,54.3
1892.0,115.2
1892.08333333333,126.1
1892.16666666667,83.3
1892.25,116.0
1892.33333333333,132.7
1892.41666666667,127.3
1892.5,127.6
1892.58333333333,169.0
1892.66666666667,104.7
1892.75,117.5
1892.83333333333,108.9
1892.91666666667,131.0
1893.0,125.0
1893.08333333333,121.6
1893.16666666667,109.5
1893.25,146.8
1893.33333333333,141.3
1893.41666666667,149.8
1893.5,147.6
1893.58333333333,215.4
1893.66666666667,129.9
1893.75,133.3
1893.83333333333,125.2
1893.91666666667,156.4
1894.0,138.6
1894.08333333333,141.0
1894.16666666667,87.1
1894.25,136.0
1894.33333333333,168.7
1894.41666666667,164.8
1894.5,176.7
1894.58333333333,117.1
1894.66666666667,110.0
1894.75,125.7
1894.83333333333,94.3
1894.91666666667,100.1
1895.0,105.4
1895.08333333333,112.0
1895.16666666667,101.6
1895.25,128.2
1895.33333333333,112.5
1895.41666666667,119.1
1895.5,79.7
1895.58333333333,114.9
1895.66666666667,96.1
1895.75,113.2
1895.83333333333,78.6
1895.91666666667,117.9
1896.0,48.4
1896.08333333333,95.7
1896.16666666667,86.5
1896.25,73.0
1896.33333333333,46.1
1896.41666666667,81.7
1896.5,75.2
1896.58333333333,45.4
1896.66666666667,102.2
1896.75,47.9
1896.83333333333,63.3
1896.91666666667,71.0
1897.0,67.6
1897.08333333333,49.0
1897.16666666667,48.7
1897.25,51.7
1897.33333333333,33.3
1897.41666666667,18.9
1897.5,46.1
1897.58333333333,36.4
1897.66666666667,80.4
1897.75,23.9
1897.83333333333,14.0
1897.91666666667,55.5
1898.0,50.4
1898.08333333333,60.7
1898.16666666667,63.9
1898.25,24.2
1898.33333333333,43.0
1898.41666666667,37.1
1898.5,15.0
1898.58333333333,52.3
1898.66666666667,58.1
1898.75,57.1
1898.83333333333,51.6
1898.91666666667,21.1
1899.0,32.4
1899.08333333333,15.3
1899.16666666667,30.3
1899.25,23.6
1899.33333333333,12.9
1899.41666666667,34.1
1899.5,22.5
1899.58333333333,4.9
1899.66666666667,14.0
1899.75,21.7
1899.83333333333,13.0
1899.91666666667,17.6
1900.0,15.7
1900.08333333333,22.8
1900.16666666667,14.4
1900.25,26.8
1900.33333333333,25.3
1900.41666666667,20.1
1900.5,13.9
1900.58333333333,7.1
1900.66666666667,13.9
1900.75,21.6
1900.83333333333,7.5
1900.91666666667,0.5
1901.0,0.4
1901.08333333333,4.0
1901.16666666667,7.4
1901.25,0.0
1901.33333333333,17.0
1901.41666666667,9.7
1901.5,1.2
1901.58333333333,1.7
1901.66666666667,0.9
1901.75,6.3
1901.83333333333,6.4
1901.91666666667,0.0
1902.0,9.3
1902.08333333333,0.0
1902.16666666667,20.7
1902.25,0.0
1902.33333333333,4.7
1902.41666666667,2.4
1902.5,1.5
1902.58333333333,3.8
1902.66666666667,12.6
1902.75,27.2
1902.83333333333,17.2
1902.91666666667,1.8
1903.0,13.9
1903.08333333333,28.4
1903.16666666667,22.5
1903.25,43.5
1903.33333333333,24.3
1903.41666666667,27.2
1903.5,46.4
1903.58333333333,48.0
1903.66666666667,18.5
1903.75,64.8
1903.83333333333,74.2
1903.91666666667,76.2
1904.0,52.6
1904.08333333333,40.8
1904.16666666667,61.9
1904.25,71.6
1904.33333333333,65.7
1904.41666666667,69.8
1904.5,84.3
1904.58333333333,97.1
1904.66666666667,50.2
1904.75,90.4
1904.83333333333,63.4
1904.91666666667,91.1
1905.0,91.2
1905.08333333333,143.0
1905.16666666667,94.3
1905.25,65.5
1905.33333333333,79.9
1905.41666666667,81.6
1905.5,121.6
1905.58333333333,98.1
1905.66666666667,91.8
1905.75,131.2
1905.83333333333,178.7
1905.91666666667,92.5
1906.0,75.8
1906.08333333333,52.3
1906.16666666667,107.4
1906.25,92.2
1906.33333333333,96.2
1906.41666666667,105.3
1906.5,172.7
1906.58333333333,79.6
1906.66666666667,93.5
1906.75,29.7
1906.83333333333,64.8
1906.91666666667,108.0
1907.0,127.4
1907.08333333333,180.3
1907.16666666667,101.1
1907.25,87.6
1907.33333333333,71.4
1907.41666666667,67.2
1907.5,82.9
1907.58333333333,90.5
1907.66666666667,141.7
1907.75,109.1
1907.83333333333,102.5
1907.91666666667,78.9
1908.0,65.4
1908.08333333333,56.6
1908.16666666667,47.9
1908.25,96.1
1908.33333333333,68.0
1908.41666666667,80.2
1908.5,65.8
1908.58333333333,150.9
1908.66666666667,144.9
1908.75,53.9
1908.83333333333,75.9
1908.91666666667,65.9
1909.0,94.6
1909.08333333333,77.6
1909.16666666667,110.5
1909.25,53.7
1909.33333333333,60.0
1909.41666666667,37.8
1909.5,59.6
1909.58333333333,38.5
1909.66666666667,64.7
1909.75,97.4
1909.83333333333,93.0
1909.91666666667,90.2
1910.0,44.0
1910.08333333333,52.5
1910.16666666667,35.7
1910.25,14.1
1910.33333333333,36.9
1910.41666666667,20.5
1910.5,23.5
1910.58333333333,19.3
1910.66666666667,43.7
1910.75,63.9
1910.83333333333,8.3
1910.91666666667,9.6
1911.0,5.6
1911.08333333333,15.0
1911.16666666667,13.0
1911.25,27.6
1911.33333333333,15.1
1911.41666666667,3.7
1911.5,5.9
1911.58333333333,6.7
1911.66666666667,6.7
1911.75,4.5
1911.83333333333,7.0
1911.91666666667,3.7
1912.0,0.4
1912.08333333333,0.0
1912.16666666667,8.2
1912.25,7.6
1912.33333333333,7.4
1912.41666666667,6.9
1912.5,4.9
1912.58333333333,0.5
1912.66666666667,15.9
1912.75,7.6
1912.83333333333,1.9
1912.91666666667,10.6
1913.0,3.8
1913.08333333333,4.8
1913.16666666667,0.8
1913.25,1.6
1913.33333333333,0.0
1913.41666666667,0.0
1913.5,2.9
1913.58333333333,0.4
1913.66666666667,2.0
1913.75,5.2
1913.83333333333,1.2
1913.91666666667,6.3
1914.0,4.7
1914.08333333333,4.4
1914.16666666667,5.3
1914.25,28.9
1914.33333333333,8.7
1914.41666666667,19.1
1914.5,9.1
1914.58333333333,12.9
1914.66666666667,21.2
1914.75,13.7
1914.83333333333,27.3
1914.91666666667,37.3
1915.0,38.5
1915.08333333333,70.4
1915.16666666667,64.8
1915.25,68.9
1915.33333333333,55.1
1915.41666666667,114.7
1915.5,119.4
1915.58333333333,116.0
1915.66666666667,82.4
1915.75,89.1
1915.83333333333,70.9
1915.91666666667,57.5
1916.0,75.5
1916.08333333333,92.4
1916.16666666667,111.7
1916.25,119.8
1916.33333333333,124.0
1916.41666666667,112.9
1916.5,89.3
1916.58333333333,58.6
1916.66666666667,75.1
1916.75,84.5
1916.83333333333,109.5
1916.91666666667,88.3
1917.0,124.5
1917.08333333333,119.9
1917.16666666667,158.0
1917.25,124.6
1917.33333333333,190.2
1917.41666666667,191.4
1917.5,199.7
1917.58333333333,257.7
1917.66666666667,215.6
1917.75,120.3
1917.83333333333,160.7
1917.91666666667,215.5
1918.0,160.0
1918.08333333333,108.7
1918.16666666667,120.4
1918.25,134.1
1918.33333333333,127.9
1918.41666666667,99.0
1918.5,179.5
1918.58333333333,169.6
1918.66666666667,133.2
1918.75,141.7
1918.83333333333,139.0
1918.91666666667,98.5
1919.0,80.2
1919.08333333333,132.5
1919.16666666667,110.9
1919.25,86.3
1919.33333333333,146.9
1919.41666666667,185.3
1919.5,107.8
1919.58333333333,115.1
1919.66666666667,91.1
1919.75,88.0
1919.83333333333,69.9
1919.91666666667,58.0
1920.0,85.3
1920.08333333333,89.8
1920.16666666667,116.9
1920.25,24.7
1920.33333333333,55.4
1920.41666666667,64.6
1920.5,45.7
1920.58333333333,31.9
1920.66666666667,60.5
1920.75,82.7
1920.83333333333,45.3
1920.91666666667,49.8
1921.0,52.5
1921.08333333333,47.1
1921.16666666667,44.5
1921.25,54.0
1921.33333333333,37.0
1921.41666666667,56.2
1921.5,69.7
1921.58333333333,38.0
1921.66666666667,29.6
1921.75,30.3
1921.83333333333,29.6
1921.91666666667,33.9
1922.0,19.7
1922.08333333333,43.9
1922.16666666667,91.3
1922.25,18.3
1922.33333333333,13.4
1922.41666666667,9.8
1922.5,18.3
1922.58333333333,10.9
1922.66666666667,7.8
1922.75,10.4
1922.83333333333,12.2
1922.91666666667,29.0
1923.0,7.5
1923.08333333333,2.5
1923.16666666667,5.5
1923.25,10.2
1923.33333333333,5.3
1923.41666666667,15.3
1923.5,5.9
1923.58333333333,0.8
1923.66666666667,22.1
1923.75,19.5
1923.83333333333,16.7
1923.91666666667,4.6
1924.0,0.8
1924.08333333333,8.5
1924.16666666667,3.0
1924.25,18.9
1924.33333333333,34.6
1924.41666666667,40.0
1924.5,46.9
1924.58333333333,32.1
1924.66666666667,41.9
1924.75,42.6
1924.83333333333,37.5
1924.91666666667,27.5
1925.0,9.1
1925.08333333333,38.6
1925.16666666667,30.0
1925.25,53.0
1925.33333333333,71.4
1925.41666666667,79.1
1925.5,64.2
1925.58333333333,63.3
1925.66666666667,100.3
1925.75,115.3
1925.83333333333,97.6
1925.91666666667,164.4
1926.0,119.7
1926.08333333333,116.4
1926.16666666667,104.2
1926.25,64.2
1926.33333333333,107.0
1926.41666666667,122.4
1926.5,87.2
1926.58333333333,102.7
1926.66666666667,101.4
1926.75,119.3
1926.83333333333,100.8
1926.91666666667,132.4
1927.0,136.0
1927.08333333333,155.1
1927.16666666667,116.1
1927.25,155.8
1927.33333333333,131.9
1927.41666666667,98.5
1927.5,91.6
1927.58333333333,89.6
1927.66666666667,114.1
1927.75,105.2
1927.83333333333,112.1
1927.91666666667,75.3
1928.0,139.2
1928.08333333333,122.4
1928.16666666667,142.4
1928.25,134.3
1928.33333333333,128.3
1928.41666666667,152.4
1928.5,163.4
1928.58333333333,139.6
1928.66666666667,149.6
1928.75,102.3
1928.83333333333,83.9
1928.91666666667,98.3
1929.0,114.8
1929.08333333333,104.7
1929.16666666667,83.8
1929.25,87.9
1929.33333333333,97.0
1929.41666666667,119.9
1929.5,117.1
1929.58333333333,109.6
1929.66666666667,57.3
1929.75,90.1
1929.83333333333,135.1
1929.91666666667,179.9
1930.0,108.8
1930.08333333333,83.1
1930.16666666667,58.4
1930.25,63.7
1930.33333333333,61.4
1930.41666666667,48.0
1930.5,36.5
1930.58333333333,41.5
1930.66666666667,53.5
1930.75,57.2
1930.83333333333,59.4
1930.91666666667,43.0
1931.0,24.4
1931.08333333333,71.8
1931.16666666667,50.1
1931.25,52.0
1931.33333333333,40.8
1931.41666666667,25.5
1931.5,29.0
1931.58333333333,21.6
1931.66666666667,31.7
1931.75,16.6
1931.83333333333,31.2
1931.91666666667,29.7
1932.0,20.1
1932.08333333333,17.6
1932.16666666667,18.8
1932.25,18.7
1932.33333333333,29.7
1932.41666666667,36.9
1932.5,16.0
1932.58333333333,11.3
1932.66666666667,6.6
1932.75,14.8
1932.83333333333,13.7
1932.91666666667,18.5
1933.0,20.4
1933.08333333333,36.9
1933.16666666667,16.8
1933.25,4.9
1933.33333333333,5.3
1933.41666666667,8.7
1933.5,4.7
1933.58333333333,0.4
1933.66666666667,8.5
1933.75,5.0
1933.83333333333,1.0
1933.91666666667,0.4
1934.0,5.7
1934.08333333333,12.9
1934.16666666667,7.2
1934.25,18.8
1934.33333333333,32.9
1934.41666666667,11.2
1934.5,15.3
1934.58333333333,13.9
1934.66666666667,6.7
1934.75,9.5
1934.83333333333,14.5
1934.91666666667,25.7
1935.0,31.1
1935.08333333333,34.1
1935.16666666667,38.5
1935.25,20.4
1935.33333333333,45.4
1935.41666666667,76.2
1935.5,56.5
1935.58333333333,50.2
1935.66666666667,70.1
1935.75,88.7
1935.83333333333,107.0
1935.91666666667,102.5
1936.0,104.7
1936.08333333333,123.9
1936.16666666667,128.4
1936.25,124.8
1936.33333333333,90.9
1936.41666666667,116.7
1936.5,87.2
1936.58333333333,145.0
1936.66666666667,126.7
1936.75,148.2
1936.83333333333,192.3
1936.91666666667,205.6
1937.0,220.9
1937.08333333333,214.1
1937.16666666667,139.7
1937.25,182.2
1937.33333333333,194.4
1937.41666666667,217.1
1937.5,241.8
1937.58333333333,229.5
1937.66666666667,167.9
1937.75,208.2
1937.83333333333,123.9
1937.91666666667,147.9
1938.0,164.0
1938.08333333333,198.6
1938.16666666667,144.2
1938.25,168.4
1938.33333333333,212.3
1938.41666666667,162.6
1938.5,275.6
1938.58333333333,192.8
1938.66666666667,149.3
1938.75,165.3
1938.83333333333,203.6
1938.91666666667,154.7
1939.0,133.9
1939.08333333333,129.0
1939.16666666667,107.8
1939.25,181.9
1939.33333333333,197.3
1939.41666666667,168.3
1939.5,162.6
1939.58333333333,176.3
1939.66666666667,187.7
1939.75,146.9
1939.83333333333,113.7
1939.91666666667,70.2
1940.0,84.1
1940.08333333333,99.1
1940.16666666667,138.9
1940.25,101.1
1940.33333333333,90.6
1940.41666666667,139.8
1940.5,112.5
1940.58333333333,175.9
1940.66666666667,110.8
1940.75,91.5
1940.83333333333,97.4
1940.91666666667,113.8
1941.0,76.1
1941.08333333333,74.3
1941.16666666667,77.5
1941.25,54.6
1941.33333333333,49.0
1941.41666666667,99.6
1941.5,111.4
1941.58333333333,100.1
1941.66666666667,109.8
1941.75,77.2
1941.83333333333,64.0
1941.91666666667,56.2
1942.0,59.5
1942.08333333333,87.9
1942.16666666667,90.4
1942.25,101.2
1942.33333333333,41.8
1942.41666666667,18.9
1942.5,29.6
1942.58333333333,33.7
1942.66666666667,28.7
1942.75,32.0
1942.83333333333,51.3
1942.91666666667,37.6
1943.0,20.7
1943.08333333333,48.1
1943.16666666667,45.7
1943.25,43.5
1943.33333333333,23.6
1943.41666666667,12.7
1943.5,22.0
1943.58333333333,32.3
1943.66666666667,16.7
1943.75,13.0
1943.83333333333,17.0
1943.91666666667,31.4
1944.0,6.1
1944.08333333333,0.8
1944.16666666667,18.3
1944.25,0.4
1944.33333333333,4.1
1944.41666666667,8.2
1944.5,8.5
1944.58333333333,27.9
1944.66666666667,23.7
1944.75,28.1
1944.83333333333,17.9
1944.91666666667,47.4
1945.0,30.8
1945.08333333333,21.2
1945.16666666667,35.9
1945.25,53.4
1945.33333333333,51.0
1945.41666666667,60.2
1945.5,71.0
1945.58333333333,43.1
1945.66666666667,58.1
1945.75,114.5
1945.83333333333,76.6
1945.91666666667,45.7
1946.0,79.3
1946.08333333333,143.8
1946.16666666667,127.7
1946.25,126.1
1946.33333333333,141.6
1946.41666666667,122.6
1946.5,193.7
1946.58333333333,178.7
1946.66666666667,157.4
1946.75,170.5
1946.83333333333,206.3
1946.91666666667,202.9
1947.0,163.7
1947.08333333333,188.9
1947.16666666667,183.8
1947.25,212.1
1947.33333333333,285.0
1947.41666666667,232.1
1947.5,223.5
1947.58333333333,267.4
1947.66666666667,239.9
1947.75,231.7
1947.83333333333,181.3
1947.91666666667,164.9
1948.0,153.6
1948.08333333333,122.0
1948.16666666667,134.3
1948.25,268.5
1948.33333333333,246.4
1948.41666666667,237.5
1948.5,201.4
1948.58333333333,223.7
1948.66666666667,202.9
1948.75,192.9
1948.83333333333,135.6
1948.91666666667,195.3
1949.0,168.6
1949.08333333333,258.0
1949.16666666667,223.0
1949.25,208.1
1949.33333333333,150.4
1949.41666666667,172.4
1949.5,178.3
1949.58333333333,175.3
1949.66666666667,205.8
1949.75,186.3
1949.83333333333,203.2
1949.91666666667,166.6
1950.0,143.9
1950.08333333333,134.3
1950.16666666667,155.4
1950.25,160.6
1950.33333333333,150.5
1950.41666666667,118.3
1950.5,128.9
1950.58333333333,120.6
1950.66666666667,72.7
1950.75,87.0
1950.83333333333,77.7
1950.91666666667,76.7
1951.0,85.0
1951.08333333333,84.8
1951.16666666667,79.3
1951.25,131.7
1951.33333333333,153.7
1951.41666666667,142.4
1951.5,87.2
1951.58333333333,86.5
1951.66666666667,117.7
1951.75,73.3
1951.83333333333,74.2
1951.91666666667,65.0
1952.0,57.9
1952.08333333333,32.4
1952.16666666667,31.5
1952.25,41.7
1952.33333333333,33.6
1952.41666666667,52.0
1952.5,56.1
1952.58333333333,77.8
1952.66666666667,40.4
1952.75,34.2
1952.83333333333,31.8
1952.91666666667,48.9
1953.0,37.9
1953.08333333333,5.9
1953.16666666667,14.7
1953.25,39.6
1953.33333333333,18.3
1953.41666666667,31.5
1953.5,12.7
1953.58333333333,33.6
1953.66666666667,28.0
1953.75,12.3
1953.83333333333,2.5
1953.91666666667,3.9
1954.0,0.4
1954.08333333333,0.8
1954.16666666667,15.8
1954.25,2.7
1954.33333333333,1.2
1954.41666666667,0.4
1954.5,7.3
1954.58333333333,12.6
1954.66666666667,2.3
1954.75,10.5
1954.83333333333,13.4
1954.91666666667,11.3
1955.0,33.4
1955.08333333333,29.9
1955.16666666667,7.3
1955.25,16.4
1955.33333333333,41.3
1955.41666666667,45.2
1955.5,38.2
1955.58333333333,58.0
1955.66666666667,60.8
1955.75,83.0
1955.83333333333,126.3
1955.91666666667,108.8
1956.0,104.1
1956.08333333333,175.6
1956.16666666667,167.7
1956.25,156.7
1956.33333333333,193.4
1956.41666666667,165.1
1956.5,182.7
1956.58333333333,240.2
1956.66666666667,245.4
1956.75,219.9
1956.83333333333,285.0
1956.91666666667,272.0
1957.0,233.7
1957.08333333333,184.5
1957.16666666667,222.8
1957.25,248.0
1957.33333333333,233.0
1957.41666666667,284.3
1957.5,265.1
1957.58333333333,223.7
1957.66666666667,334.0
1957.75,359.4
1957.83333333333,298.6
1957.91666666667,339.0
1958.0,286.7
1958.08333333333,233.6
1958.16666666667,270.0
1958.25,277.6
1958.33333333333,248.2
1958.41666666667,242.9
1958.5,271.0
1958.58333333333,283.5
1958.66666666667,285.1
1958.75,256.9
1958.83333333333,215.6
1958.91666666667,265.7
1959.0,307.7
1959.08333333333,202.6
1959.16666666667,263.0
1959.25,231.3
1959.33333333333,243.6
1959.41666666667,238.9
1959.5,211.9
1959.58333333333,282.6
1959.66666666667,205.6
1959.75,157.7
1959.83333333333,175.6
1959.91666666667,177.1
1960.0,207.2
1960.08333333333,149.9
1960.16666666667,144.6
1960.25,172.7
1960.33333333333,169.3
1960.41666666667,156.0
1960.5,172.4
1960.58333333333,190.0
1960.66666666667,180.1
1960.75,117.3
1960.83333333333,126.9
1960.91666666667,121.2
1961.0,82.1
1961.08333333333,65.4
1961.16666666667,75.2
1961.25,86.9
1961.33333333333,72.3
1961.41666666667,109.5
1961.5,99.3
1961.58333333333,79.2
1961.66666666667,90.1
1961.75,53.7
1961.83333333333,46.5
1961.91666666667,56.9
1962.0,55.1
1962.08333333333,71.7
1962.16666666667,64.9
1962.25,65.9
1962.33333333333,61.9
1962.41666666667,59.6
1962.5,31.4
1962.58333333333,31.5
1962.66666666667,72.7
1962.75,56.1
1962.83333333333,38.8
1962.91666666667,33.2
1963.0,28.7
1963.08333333333,35.2
1963.16666666667,24.8
1963.25,41.7
1963.33333333333,61.1
1963.41666666667,51.2
1963.5,28.7
1963.58333333333,47.5
1963.66666666667,55.2
1963.75,50.1
1963.83333333333,33.7
1963.91666666667,21.6
1964.0,22.6
1964.08333333333,25.3
1964.16666666667,24.1
1964.25,12.9
1964.33333333333,14.3
1964.41666666667,13.5
1964.5,4.8
1964.58333333333,13.8
1964.66666666667,7.0
1964.75,9.2
1964.83333333333,11.1
1964.91666666667,22.1
1965.0,25.4
1965.08333333333,20.8
1965.16666666667,17.5
1965.25,10.2
1965.33333333333,34.5
1965.41666666667,23.3
1965.5,17.3
1965.58333333333,13.3
1965.66666666667,24.5
1965.75,29.1
1965.83333333333,22.8
1965.91666666667,24.7
1966.0,40.3
1966.08333333333,35.3
1966.16666666667,36.4
1966.25,69.0
1966.33333333333,64.2
1966.41666666667,67.7
1966.5,80.2
1966.58333333333,72.6
1966.66666666667,71.1
1966.75,81.2
1966.83333333333,81.0
1966.91666666667,99.8
1967.0,157.0
1967.08333333333,132.6
1967.16666666667,158.3
1967.25,98.4
1967.33333333333,122.5
1967.41666666667,95.4
1967.5,129.5
1967.58333333333,151.8
1967.66666666667,108.7
1967.75,125.0
1967.83333333333,133.6
1967.91666666667,179.0
1968.0,172.5
1968.08333333333,158.5
1968.16666666667,130.5
1968.25,115.0
1968.33333333333,180.0
1968.41666666667,156.2
1968.5,136.2
1968.58333333333,154.8
1968.66666666667,166.0
1968.75,152.5
1968.83333333333,121.7
1968.91666666667,155.5
1969.0,147.8
1969.08333333333,170.5
1969.16666666667,192.3
1969.25,151.1
1969.33333333333,169.9
1969.41666666667,150.1
1969.5,137.1
1969.58333333333,138.8
1969.66666666667,129.3
1969.75,135.4
1969.83333333333,132.4
1969.91666666667,138.6
1970.0,157.9
1970.08333333333,180.8
1970.16666666667,145.7
1970.25,155.1
1970.33333333333,180.5
1970.41666666667,151.3
1970.5,159.3
1970.58333333333,131.7
1970.66666666667,140.8
1970.75,122.6
1970.83333333333,134.8
1970.91666666667,118.2
1971.0,129.2
1971.08333333333,111.8
1971.16666666667,85.9
1971.25,101.6
1971.33333333333,81.5
1971.41666666667,70.7
1971.5,114.7
1971.58333333333,87.0
1971.66666666667,71.3
1971.75,73.4
1971.83333333333,89.5
1971.91666666667,116.5
1972.0,87.0
1972.08333333333,125.3
1972.16666666667,113.5
1972.25,89.6
1972.33333333333,113.9
1972.41666666667,124.7
1972.5,108.3
1972.58333333333,108.9
1972.66666666667,90.7
1972.75,86.9
1972.83333333333,59.2
1972.91666666667,64.3
1973.0,61.8
1973.08333333333,60.9
1973.16666666667,65.4
1973.25,81.8
1973.33333333333,60.3
1973.41666666667,56.1
1973.5,33.2
1973.58333333333,36.6
1973.66666666667,84.1
1973.75,43.7
1973.83333333333,34.3
1973.91666666667,33.3
1974.0,39.4
1974.08333333333,37.3
1974.16666666667,30.9
1974.25,57.5
1974.33333333333,56.3
1974.41666666667,51.5
1974.5,79.1
1974.58333333333,47.9
1974.66666666667,57.2
1974.75,67.2
1974.83333333333,35.9
1974.91666666667,29.6
1975.0,27.3
1975.08333333333,16.7
1975.16666666667,16.9
1975.25,7.7
1975.33333333333,13.1
1975.41666666667,16.7
1975.5,40.4
1975.58333333333,56.7
1975.66666666667,20.3
1975.75,13.6
1975.83333333333,27.9
1975.91666666667,11.6
1976.0,11.9
1976.08333333333,6.4
1976.16666666667,31.5
1976.25,27.3
1976.33333333333,18.2
1976.41666666667,17.9
1976.5,2.9
1976.58333333333,24.1
1976.66666666667,20.0
1976.75,29.7
1976.83333333333,7.9
1976.91666666667,22.3
1977.0,23.8
1977.08333333333,33.3
1977.16666666667,13.0
1977.25,19.0
1977.33333333333,27.0
1977.41666666667,54.9
1977.5,30.6
1977.58333333333,43.0
1977.66666666667,62.4
1977.75,62.1
1977.83333333333,41.6
1977.91666666667,61.4
1978.0,73.7
1978.08333333333,132.6
1978.16666666667,108.4
1978.25,141.2
1978.33333333333,117.1
1978.41666666667,134.6
1978.5,99.7
1978.58333333333,82.4
1978.66666666667,195.7
1978.75,177.1
1978.83333333333,138.5
1978.91666666667,173.9
1979.0,235.9
1979.08333333333,194.7
1979.16666666667,195.3
1979.25,143.7
1979.33333333333,190.3
1979.41666666667,211.7
1979.5,225.7
1979.58333333333,201.4
1979.66666666667,266.9
1979.75,263.6
1979.83333333333,259.5
1979.91666666667,249.6
1980.0,226.1
1980.08333333333,219.4
1980.16666666667,178.7
1980.25,232.2
1980.33333333333,254.7
1980.41666666667,222.7
1980.5,192.9
1980.58333333333,191.7
1980.66666666667,219.6
1980.75,233.3
1980.83333333333,209.5
1980.91666666667,246.9
1981.0,156.6
1981.08333333333,189.9
1981.16666666667,196.6
1981.25,225.3
1981.33333333333,194.7
1981.41666666667,131.6
1981.5,205.3
1981.58333333333,242.5
1981.66666666667,245.3
1981.75,216.2
1981.83333333333,186.0
1981.91666666667,195.4
1982.0,149.8
1982.08333333333,230.9
1982.16666666667,221.1
1982.25,170.3
1982.33333333333,119.3
1982.41666666667,163.7
1982.5,139.4
1982.58333333333,161.9
1982.66666666667,167.4
1982.75,134.3
1982.83333333333,127.5
1982.91666666667,169.0
1983.0,115.5
1983.08333333333,73.1
1983.16666666667,88.7
1983.25,109.6
1983.33333333333,132.5
1983.41666666667,131.5
1983.5,108.9
1983.58333333333,96.0
1983.66666666667,69.9
1983.75,72.5
1983.83333333333,45.7
1983.91666666667,45.6
1984.0,74.8
1984.08333333333,110.2
1984.16666666667,116.7
1984.25,90.4
1984.33333333333,96.9
1984.41666666667,65.1
1984.5,55.7
1984.58333333333,35.0
1984.66666666667,22.6
1984.75,12.6
1984.83333333333,26.5
1984.91666666667,21.4
1985.0,17.8
1985.08333333333,20.7
1985.16666666667,16.9
1985.25,20.4
1985.33333333333,32.4
1985.41666666667,28.3
1985.5,39.9
1985.58333333333,10.1
1985.66666666667,4.3
1985.75,22.0
1985.83333333333,17.9
1985.91666666667,15.8
1986.0,2.8
1986.08333333333,27.9
1986.16666666667,13.8
1986.25,22.4
1986.33333333333,16.1
1986.41666666667,0.6
1986.5,18.1
1986.58333333333,9.9
1986.66666666667,5.1
1986.75,40.1
1986.83333333333,15.4
1986.91666666667,5.8
1987.0,9.8
1987.08333333333,3.4
1987.16666666667,17.4
1987.25,46.0
1987.33333333333,39.1
1987.41666666667,18.8
1987.5,38.2
1987.58333333333,47.9
1987.66666666667,42.2
1987.75,63.4
1987.83333333333,48.8
1987.91666666667,29.1
1988.0,70.5
1988.08333333333,45.4
1988.16666666667,91.2
1988.25,108.8
1988.33333333333,74.2
1988.41666666667,124.3
1988.5,131.4
1988.58333333333,139.4
1988.66666666667,142.7
1988.75,156.5
1988.83333333333,156.8
1988.91666666667,231.2
1989.0,210.1
1989.08333333333,208.7
1989.16666666667,170.4
1989.25,166.3
1989.33333333333,195.4
1989.41666666667,284.5
1989.5,180.5
1989.58333333333,232.0
1989.66666666667,225.1
1989.75,212.2
1989.83333333333,238.2
1989.91666666667,211.4
1990.0,227.4
1990.08333333333,171.8
1990.16666666667,191.7
1990.25,189.7
1990.33333333333,175.2
1990.41666666667,153.3
1990.5,191.1
1990.58333333333,252.1
1990.66666666667,169.1
1990.75,199.4
1990.83333333333,178.8
1990.91666666667,197.1
1991.0,195.3
1991.08333333333,240.3
1991.16666666667,197.0
1991.25,197.6
1991.33333333333,166.9
1991.41666666667,224.7
1991.5,240.2
1991.58333333333,240.8
1991.66666666667,168.9
1991.75,197.1
1991.83333333333,159.5
1991.91666666667,212.6
1992.0,198.3
1992.08333333333,230.7
1992.16666666667,151.0
1992.25,142.2
1992.33333333333,94.3
1992.41666666667,98.5
1992.5,114.2
1992.58333333333,91.9
1992.66666666667,94.0
1992.75,133.4
1992.83333333333,129.6
1992.91666666667,122.0
1993.0,81.4
1993.08333333333,127.8
1993.16666666667,102.4
1993.25,94.4
1993.33333333333,78.8
1993.41666666667,69.6
1993.5,80.4
1993.58333333333,62.5
1993.66666666667,31.2
1993.75,71.1
1993.83333333333,48.2
1993.91666666667,68.4
1994.0,84.9
1994.08333333333,54.9
1994.16666666667,47.5
1994.25,27.4
1994.33333333333,29.8
1994.41666666667,39.7
1994.5,50.6
1994.58333333333,34.3
1994.66666666667,40.5
1994.75,67.1
1994.83333333333,29.5
1994.91666666667,32.2
1995.0,32.6
1995.08333333333,45.8
1995.16666666667,46.3
1995.25,21.6
1995.33333333333,19.4
1995.41666666667,22.5
1995.5,20.4
1995.58333333333,18.2
1995.66666666667,15.7
1995.75,30.6
1995.83333333333,14.0
1995.91666666667,14.9
1996.0,13.3
1996.08333333333,7.7
1996.16666666667,12.6
1996.25,6.8
1996.33333333333,7.6
1996.41666666667,16.5
1996.5,11.8
1996.58333333333,19.7
1996.66666666667,3.0
1996.75,0.7
1996.83333333333,24.9
1996.91666666667,14.0
1997.0,7.4
1997.08333333333,11.0
1997.16666666667,12.1
1997.25,23.0
1997.33333333333,25.4
1997.41666666667,20.8
1997.5,12.9
1997.58333333333,35.7
1997.66666666667,59.7
1997.75,32.8
1997.83333333333,50.4
1997.91666666667,55.5
1998.0,44.5
1998.08333333333,50.2
1998.16666666667,82.0
1998.25,70.6
1998.33333333333,74.0
1998.41666666667,90.5
1998.5,96.7
1998.58333333333,121.1
1998.66666666667,132.0
1998.75,78.5
1998.83333333333,97.3
1998.91666666667,119.2
1999.0,86.0
1999.08333333333,98.0
1999.16666666667,103.5
1999.25,93.6
1999.33333333333,149.6
1999.41666666667,207.2
1999.5,173.5
1999.58333333333,142.3
1999.66666666667,106.3
1999.75,168.7
1999.83333333333,188.3
1999.91666666667,116.8
2000.0,133.1
2000.08333333333,165.7
2000.16666666667,217.7
2000.25,191.5
2000.33333333333,165.9
2000.41666666667,188.0
2000.5,244.3
2000.58333333333,180.5
2000.66666666667,156.0
2000.75,141.6
2000.83333333333,158.1
2000.91666666667,143.3
2001.0,142.6
2001.08333333333,121.5
2001.16666666667,165.8
2001.25,161.7
2001.33333333333,142.1
2001.41666666667,202.9
2001.5,123.0
2001.58333333333,161.5
2001.66666666667,238.2
2001.75,194.1
2001.83333333333,176.6
2001.91666666667,213.4
2002.0,184.6
2002.08333333333,170.2
2002.16666666667,147.1
2002.25,186.9
2002.33333333333,187.5
2002.41666666667,128.8
2002.5,161.0
2002.58333333333,175.6
2002.66666666667,187.9
2002.75,151.2
2002.83333333333,147.2
2002.91666666667,135.3
2003.0,133.5
2003.08333333333,75.7
2003.16666666667,100.7
2003.25,97.9
2003.33333333333,86.8
2003.41666666667,118.7
2003.5,128.3
2003.58333333333,115.4
2003.66666666667,78.5
2003.75,97.8
2003.83333333333,82.9
2003.91666666667,72.2
2004.0,60.6
2004.08333333333,74.6
2004.16666666667,74.8
2004.25,59.2
2004.33333333333,72.8
2004.41666666667,66.5
2004.5,83.8
2004.58333333333,69.7
2004.66666666667,48.8
2004.75,74.2
2004.83333333333,70.1
2004.91666666667,28.9
2005.0,48.1
2005.08333333333,43.5
2005.16666666667,39.6
2005.25,38.7
2005.33333333333,61.9
2005.41666666667,56.8
2005.5,62.4
2005.58333333333,60.5
2005.66666666667,37.2
2005.75,13.2
2005.83333333333,27.5
2005.91666666667,59.3
2006.0,20.9
2006.08333333333,5.7
2006.16666666667,17.3
2006.25,50.3
2006.33333333333,37.2
2006.41666666667,24.5
2006.5,22.2
2006.58333333333,20.8
2006.66666666667,23.7
2006.75,14.9
2006.83333333333,35.7
2006.91666666667,22.3
2007.0,29.3
2007.08333333333,18.4
2007.16666666667,7.2
2007.25,5.4
2007.33333333333,19.5
2007.41666666667,21.3
2007.5,15.1
2007.58333333333,9.8
2007.66666666667,4.0
2007.75,1.5
2007.83333333333,2.8
2007.91666666667,17.3
2008.0,4.1
2008.08333333333,2.9
2008.16666666667,15.5
2008.25,3.6
2008.33333333333,4.6
2008.41666666667,5.2
2008.5,0.6
2008.58333333333,0.3
2008.66666666667,1.2
2008.75,4.2
2008.83333333333,6.6
2008.91666666667,1.0
2009.0,1.3
2009.08333333333,1.2
2009.16666666667,0.6
2009.25,1.2
2009.33333333333,2.9
2009.41666666667,6.3
2009.5,5.5
2009.58333333333,0.0
2009.66666666667,7.1
2009.75,7.7
2009.83333333333,6.9
2009.91666666667,16.3
2010.0,19.5
2010.08333333333,28.5
2010.16666666667,24.0
2010.25,10.4
2010.33333333333,13.9
2010.41666666667,18.8
2010.5,25.2
2010.58333333333,29.6
2010.66666666667,36.4
2010.75,33.6
2010.83333333333,34.4
2010.91666666667,24.5
2011.0,27.3
2011.08333333333,48.3
2011.16666666667,78.6
2011.25,76.1
2011.33333333333,58.2
2011.41666666667,56.1
2011.5,64.5
2011.58333333333,65.8
2011.66666666667,120.1
2011.75,125.7
2011.83333333333,139.1
2011.91666666667,109.3
2012.0,94.4
2012.08333333333,47.8
2012.16666666667,86.6
2012.25,85.9
2012.33333333333,96.5
2012.41666666667,92.0
2012.5,100.1
2012.58333333333,94.8
2012.66666666667,93.7
2012.75,76.5
2012.83333333333,87.6
2012.91666666667,56.8
2013.0,96.1
2013.08333333333,60.9
2013.16666666667,78.3
2013.25,107.3
2013.33333333333,120.2
2013.41666666667,76.7
2013.5,86.2
2013.58333333333,91.8
2013.66666666667,54.5
2013.75,114.4
2013.83333333333,113.9
2013.91666666667,124.2
2014.0,117.0
2014.08333333333,146.1
2014.16666666667,128.7
2014.25,112.5
2014.33333333333,112.5
2014.41666666667,102.9
2014.5,100.2
2014.58333333333,106.9
2014.66666666667,130.0
2014.75,90.0
2014.83333333333,103.6
2014.91666666667,112.9
2015.0,93.0
2015.08333333333,66.7
2015.16666666667,54.5
2015.25,75.3
2015.33333333333,88.8
2015.41666666667,66.5
2015.5,65.8
2015.58333333333,64.4
2015.66666666667,78.6
2015.75,63.6
2015.83333333333,62.2
2015.91666666667,58.0
2016.0,57.0
2016.08333333333,56.4
2016.16666666667,54.1
2016.25,37.9
2016.33333333333,51.5
2016.41666666667,20.5
2016.5,32.4
2016.58333333333,50.2
2016.66666666667,44.6
2016.75,33.4
2016.83333333333,21.4
2016.91666666667,18.5
2017.0,26.1
2017.08333333333,26.4
2017.16666666667,17.7
2017.25,32.3
2017.33333333333,18.9
2017.41666666667,19.2
2017.5,17.8
2017.58333333333,32.6
2017.66666666667,43.7
2017.75,13.2
2017.83333333333,5.7
2017.91666666667,8.2
2018.0,6.8
2018.08333333333,10.7
2018.16666666667,2.5
2018.25,8.9
2018.33333333333,13.1
2018.41666666667,15.6
2018.5,1.6
2018.58333333333,8.7
2018.66666666667,3.3
2018.75,4.9
2018.83333333333,4.9
2018.91666666667,3.1
2019.0,7.7
2019.08333333333,0.8
2019.16666666667,9.4
2019.25,9.1
2019.33333333333,9.9
2019.41666666667,1.2
2019.5,0.9
2019.58333333333,0.5
2019.66666666667,1.1
2019.75,0.4
2019.83333333333,0.5
2019.91666666667,1.5
2020.0,6.2
2020.08333333333,0.2
2020.16666666667,1.5
2020.25,5.2
2020.33333333333,0.2
2020.41666666667,5.8
2020.5,6.1
2020.58333333333,7.5
2020.66666666667,0.6
2020.75,14.6
2020.83333333333,34.5
2020.91666666667,23.1
2021.0,10.4
2021.08333333333,8.2
2021.16666666667,17.2
2021.25,24.5
2021.33333333333,21.2
2021.41666666667,25.0
2021.5,34.3
2021.58333333333,22.0
2021.66666666667,51.3
2021.75,37.4
2021.83333333333,34.8
2021.91666666667,67.5
2022.0,55.3
2022.08333333333,60.9
2022.16666666667,78.6
2022.25,84.0
2022.33333333333,96.5
2022.41666666667,70.3
2022.5,91.4
2022.58333333333,74.6
2022.66666666667,96.0
2022.75,95.5
2022.83333333333,80.5
2022.91666666667,112.8
2023.0,144.4
2023.08333333333,111.3
2023.16666666667,123.3
2023.25,97.6
2023.33333333333,137.4
2023.41666666667,160.5
2023.5,160.0
2023.58333333333,114.8
2023.66666666667,134.2
2023.75,99.9
2023.83333333333,107.1
2023.91666666667,113.5
2024.0,126.0
2024.08333333333,123.0
2024.16666666667,103.7
2024.25,137.0
2024.33333333333,172.1
2024.41666666667,164.1
2024.5,196.5
2024.58333333333,215.5
2024.66666666667,141.4
2024.75,166.4
